scorer,josh,josh,josh,josh,josh,josh,josh,josh,josh,josh,josh,josh,josh,josh,josh,josh,josh,josh
bodyparts,eye,eye,eye,sacrum,sacrum,sacrum,hip,hip,hip,knee,knee,knee,ankle,ankle,ankle,foot,foot,foot
coords,x,y,z,x,y,z,x,y,z,x,y,z,x,y,z,x,y,z
0,,,,,,,,,,,,,,,,,,
1,,,,,,,,,,,,,,,,,,
2,,,,,,,,,,,,,,,,,,
3,,,,,,,,,,,,,,,,,,
4,,,,,,,,,,,,,,,,,,
5,,,,,,,,,,,,,,,,,,
6,,,,,,,,,,,,,,,,,,
7,,,,,,,,,,,,,,,,,,
8,,,,,,,,,,,,,,,,,,
9,,,,,,,,,,,,,,,,,,
10,,,,,,,,,,,,,,,,,,
11,,,,,,,,,,,,,,,,,,
12,,,,,,,,,,,,,,,,,,
13,,,,,,,,,,,,,,,,,,
14,,,,,,,,,,,,,,,,,,
15,,,,,,,,,,,,,,,,,,
16,,,,,,,,,,,,,,,,,,
17,,,,,,,,,,,,,,,,,,
18,,,,,,,,,,,,,,,,,,
19,,,,,,,,,,,,,,,,,,
20,,,,,,,,,,,,,,,,,,
21,,,,,,,,,,,,,,,,,,
22,,,,,,,,,,,,,,,,,,
23,,,,,,,,,,,,,,,,,,
24,,,,,,,,,,,,,,,,,,
25,,,,,,,,,,,,,,,,,,
26,,,,,,,,,,,,,,,,,,
27,,,,,,,,,,,,,,,,,,
28,,,,,,,,,,,,,,,,,,
29,,,,,,,,,,,,,,,,,,
30,,,,,,,,,,,,,,,,,,
31,,,,,,,,,,,,,,,,,,
32,,,,,,,,,,,,,,,,,,
33,,,,,,,,,,,,,,,,,,
34,,,,,,,,,,,,,,,,,,
35,,,,,,,,,,,,,,,,,,
36,,,,,,,,,,,,,,,,,,
37,,,,,,,,,,,,,,,,,,
38,,,,,,,,,,,,,,,,,,
39,,,,,,,,,,,,,,,,,,
40,,,,,,,,,,,,,,,,,,
41,,,,,,,,,,,,,,,,,,
42,,,,,,,,,,,,,,,,,,
43,,,,,,,,,,,,,,,,,,
44,,,,,,,,,,,,,,,,,,
45,,,,,,,,,,,,,,,,,,
46,,,,,,,,,,,,,,,,,,
47,,,,,,,,,,,,,,,,,,
48,,,,,,,,,,,,,,,,,,
49,,,,,,,,,,,,,,,,,,
50,,,,,,,,,,,,,,,,,,
51,,,,,,,,,,,,,,,,,,
52,,,,,,,,,,,,,,,,,,
53,,,,,,,,,,,,,,,,,,
54,,,,,,,,,,,,,,,,,,
55,,,,,,,,,,,,,,,,,,
56,,,,,,,,,,,,,,,,,,
57,,,,,,,,,,,,,,,,,,
58,,,,,,,,,,,,,,,,,,
59,,,,,,,,,,,,,,,,,,
60,,,,,,,,,,,,,,,,,,
61,,,,,,,,,,,,,,,,,,
62,,,,,,,,,,,,,,,,,,
63,,,,,,,,,,,,,,,,,,
64,,,,,,,,,,,,,,,,,,
65,,,,,,,,,,,,,,,,,,
66,,,,,,,,,,,,,,,,,,
67,,,,,,,,,,,,,,,,,,
68,,,,,,,,,,,,,,,,,,
69,,,,,,,,,,,,,,,,,,
70,,,,,,,,,,,,,,,,,,
71,,,,,,,,,,,,,,,,,,
72,,,,,,,,,,,,,,,,,,
73,,,,,,,,,,,,,,,,,,
74,,,,,,,,,,,,,,,,,,
75,,,,,,,,,,,,,,,,,,
76,,,,,,,,,,,,,,,,,,
77,,,,,,,,,,,,,,,,,,
78,,,,,,,,,,,,,,,,,,
79,,,,,,,,,,,,,,,,,,
80,,,,,,,,,,,,,,,,,,
81,,,,,,,,,,,,,,,,,,
82,,,,,,,,,,,,,,,,,,
83,,,,,,,,,,,,,,,,,,
84,,,,,,,,,,,,,,,,,,
85,,,,,,,,,,,,,,,,,,
86,,,,,,,,,,,,,,,,,,
87,,,,,,,,,,,,,,,,,,
88,,,,,,,,,,,,,,,,,,
89,,,,,,,,,,,,,,,,,,
90,,,,,,,,,,,,,,,,,,
91,,,,,,,,,,,,,,,,,,
92,,,,,,,,,,,,,,,,,,
93,,,,,,,,,,,,,,,,,,
94,,,,,,,,,,,,,,,,,,
95,,,,,,,,,,,,,,,,,,
96,,,,,,,,,,,,,,,,,,
97,,,,,,,,,,,,,,,,,,
98,,,,,,,,,,,,,,,,,,
99,,,,,,,,,,,,,,,,,,
100,,,,,,,,,,,,,,,,,,
101,,,,,,,,,,,,,,,,,,
102,,,,,,,,,,,,,,,,,,
103,,,,,,,,,,,,,,,,,,
104,,,,,,,,,,,,,,,,,,
105,,,,,,,,,,,,,,,,,,
106,,,,,,,,,,,,,,,,,,
107,,,,,,,,,,,,,,,,,,
108,,,,,,,,,,,,,,,,,,
109,,,,,,,,,,,,,,,,,,
110,,,,,,,,,,,,,,,,,,
111,,,,,,,,,,,,,,,,,,
112,,,,,,,,,,,,,,,,,,
113,,,,,,,,,,,,,,,,,,
114,,,,,,,,,,,,,,,,,,
115,,,,,,,,,,,,,,,,,,
116,,,,,,,,,,,,,,,,,,
117,,,,,,,,,,,,,,,,,,
118,,,,,,,,,,,,,,,,,,
119,,,,,,,,,,,,,,,,,,
120,,,,,,,,,,,,,,,,,,
121,,,,,,,,,,,,,,,,,,
122,,,,,,,,,,,,,,,,,,
123,,,,,,,,,,,,,,,,,,
124,,,,,,,,,,,,,,,,,,
125,,,,,,,,,,,,,,,,,,
126,,,,,,,,,,,,,,,,,,
127,,,,,,,,,,,,,,,,,,
128,,,,,,,,,,,,,,,,,,
129,,,,,,,,,,,,,,,,,,
130,,,,,,,,,,,,,,,,,,
131,,,,,,,,,,,,,,,,,,
132,,,,,,,,,,,,,,,,,,
133,,,,,,,,,,,,,,,,,,
134,,,,,,,,,,,,,,,,,,
135,,,,,,,,,,,,,,,,,,
136,,,,,,,,,,,,,,,,,,
137,,,,,,,,,,,,,,,,,,
138,,,,,,,,,,,,,,,,,,
139,,,,,,,,,,,,,,,,10.942648424446293,4.847025002382702,18.8911782649088
140,,,,,,,,,,,,,,,,12.443487117980906,5.553446389918527,21.488722993970587
141,,,,,,,,,,,,,,,,10.932966094388146,4.850447873586357,18.879704415849645
142,,,,,,,,,,,,,,,,10.93701314127817,4.848979099191103,18.880774202703723
143,,,,,,,,,,,,,,,,10.94400219296651,4.844431977554396,18.8717016582793
144,,,,,,,,,,,,,,,,,,
145,,,,,,,,,,,,,,,,,,
146,,,,,,,,,,,,,,,,,,
147,,,,,,,,,,,,,,,,,,
148,,,,,,,,,,,,,,,,,,
149,,,,,,,,,,,,,,,,,,
150,,,,,,,,,,,,,,,,,,
151,,,,,,,,,,,,,,,,,,
152,,,,,,,,,,,,,,,,,,
153,,,,,,,,,,,,,,,,10.949329492618544,4.842469689719197,18.86540748678416
154,,,,,,,,,,,,,,,,10.948645039604363,4.845771900580837,18.86670197324862
155,,,,,,,,,,,,,,,,,,
156,,,,,,,,,,,,,12.618359891776652,4.722505678199233,19.102491300504774,10.944780684980206,4.832361233792737,18.865979632673067
157,,,,,,,,,,,,,,,,10.932972928382865,4.8371882731198195,18.87479191058185
158,,,,,,,,,,,,,,,,,,
159,,,,,,,,,,,,,,,,11.577134522187118,5.171780656734525,19.98002899913211
160,,,,,,,,,,,,,,,,10.792735238422699,4.790092158962499,18.63520314650867
161,,,,,,,,,,,,,,,,,,
162,,,,,,,,,,,,,12.354417996191804,4.757425318407866,18.772379280195235,10.766398668343458,4.807917280538983,18.580503409076194
163,,,,,,,,,,,,,12.278951784845932,4.730274831067783,18.657736362563234,10.662164500630208,4.773281299296119,18.379355588757214
164,,,,,,,,,,,,,,,,10.599460858324688,4.7128099377646056,18.281910671548076
165,,,,,,,,,,,,,12.164205975004856,4.6613180755861165,18.473140844294846,10.603413020481964,4.691879580816441,18.27168821104943
166,,,,,,,,,,,,,,,,11.192849284125428,5.00291926183882,19.326114434158924
167,,,,,,,,,,,,,12.014492057758268,4.439188549116819,18.10896855707192,,,
168,,,,,,,,,,,,,12.107388230715587,3.8315731916654348,18.09145867487278,,,
169,,,,,,,12.526106552084373,2.1353969839101734,16.787995176519004,,,,12.029356215975339,3.642640715939385,17.836950165352597,,,
170,,,,,,,,,,10.367660309887851,2.313086591390608,15.351522664317631,12.021691490597366,3.458823637869189,17.637240702488153,,,
171,,,,,,,,,,,,,11.893718187171988,3.1345786646315683,17.539098523749285,,,
172,,,,,,,,,,,,,11.884142158480223,2.964558232002488,17.269931048810133,,,
173,,,,,,,,,,,,,,,,,,
174,14.724814296278009,3.087481647233337,21.47021260722536,,,,,,,14.989485083606786,2.1827587911863366,20.72684206981828,14.211979670824304,1.967686186873945,18.669754369792713,15.581559501347591,2.57865266226042,21.66923619423427
175,,,,,,,,,,,,,14.062025588690744,1.7871510433534246,18.843386478850853,15.690977082593077,2.126969388189203,21.37575507852706
176,15.451928878668696,1.2432432637107806,19.383590457101135,,,,,,,,,,14.43927434323737,1.1981961360370934,18.04602254541778,,,
177,15.675238421820808,0.7688722978404164,18.94087445474624,,,,,,,,,,14.578405538410127,0.8198853688065455,17.676461043053,,,
178,15.885676276748601,0.32208161383650197,18.534969384544986,,,,,,,,,,,,,,,
179,16.046125697314693,-0.2413489698446859,18.04047552845138,,,,,,,,,,,,,,,
180,16.276617023630745,-0.7901232200530599,17.562680233169434,,,,,,,,,,,,,,,
181,16.498861940584888,-1.3059013362318481,17.09314534397183,,,,,,,,,,,,,,,
182,16.138010529151494,-1.903367444458664,18.210683747972595,,,,,,,,,,,,,,,
183,,,,,,,,,,,,,,,,,,
184,,,,,,,,,,,,,,,,,,
185,,,,,,,,,,,,,,,,,,
186,,,,,,,,,,,,,,,,,,
187,,,,,,,,,,,,,,,,,,
188,,,,,,,,,,,,,,,,,,
189,,,,,,,,,,,,,,,,,,
190,,,,,,,,,,,,,,,,,,
191,,,,,,,,,,,,,,,,,,
192,,,,,,,,,,,,,,,,,,
193,,,,,,,,,,,,,,,,,,
194,,,,,,,,,,,,,,,,,,
195,,,,,,,,,,,,,,,,,,
196,,,,,,,,,,,,,,,,,,
197,,,,,,,,,,,,,,,,,,
198,,,,,,,,,,,,,,,,,,
199,,,,,,,,,,,,,,,,,,
200,,,,,,,,,,,,,,,,,,
201,,,,,,,,,,,,,,,,,,
202,,,,,,,,,,,,,,,,,,
203,,,,,,,,,,,,,,,,,,
204,,,,,,,,,,,,,,,,,,
205,,,,,,,,,,,,,,,,,,
206,,,,,,,,,,,,,,,,,,
207,,,,,,,,,,,,,,,,,,
208,,,,,,,,,,,,,,,,,,
209,,,,,,,,,,,,,,,,,,
210,,,,,,,,,,,,,,,,,,
211,,,,,,,,,,,,,,,,,,
212,,,,,,,,,,,,,,,,,,
213,,,,,,,,,,,,,,,,,,
214,,,,,,,,,,,,,,,,,,
215,,,,,,,,,,,,,,,,,,
216,,,,,,,,,,,,,,,,,,
217,,,,,,,,,,,,,,,,,,
218,,,,,,,,,,,,,,,,,,
219,,,,,,,,,,,,,,,,,,
220,,,,,,,,,,,,,,,,,,
221,,,,,,,,,,,,,,,,,,
222,,,,,,,,,,,,,,,,,,
223,,,,,,,,,,,,,,,,,,
224,,,,,,,,,,,,,,,,,,
225,,,,,,,,,,,,,,,,,,
226,,,,,,,,,,,,,,,,,,
227,,,,,,,,,,,,,,,,,,
228,,,,,,,,,,,,,,,,,,
229,,,,,,,,,,,,,,,,,,
230,,,,,,,,,,,,,,,,,,
231,,,,,,,,,,,,,,,,,,
232,,,,,,,,,,,,,,,,,,
233,,,,,,,,,,,,,,,,,,
234,,,,,,,,,,,,,,,,,,
235,,,,,,,,,,,,,,,,,,
236,,,,,,,,,,,,,,,,,,
237,,,,,,,,,,,,,,,,,,
238,,,,,,,,,,,,,,,,,,
239,,,,,,,,,,,,,,,,,,
240,,,,,,,,,,,,,,,,,,
241,,,,,,,,,,,,,,,,,,
242,,,,,,,,,,,,,,,,,,
243,,,,,,,,,,,,,,,,,,
244,,,,,,,,,,,,,,,,,,
245,,,,,,,,,,,,,,,,,,
246,,,,,,,,,,,,,,,,,,
247,,,,,,,,,,,,,,,,,,
248,,,,,,,,,,,,,,,,,,
249,,,,,,,,,,,,,,,,,,
250,,,,,,,,,,,,,,,,,,
251,,,,,,,,,,,,,,,,,,
252,,,,,,,,,,,,,,,,,,
253,,,,,,,,,,,,,,,,,,
254,,,,,,,,,,,,,,,,,,
255,,,,,,,,,,,,,,,,,,
256,,,,,,,,,,,,,,,,,,
257,,,,,,,,,,,,,,,,,,
258,,,,,,,,,,,,,,,,,,
259,,,,,,,,,,,,,,,,,,
260,,,,,,,,,,,,,,,,,,
261,,,,,,,,,,,,,,,,,,
262,,,,,,,,,,,,,,,,,,
263,,,,,,,,,,,,,,,,,,
264,,,,,,,,,,,,,,,,,,
265,,,,,,,,,,,,,,,,,,
266,,,,,,,,,,,,,,,,,,
267,,,,,,,,,,,,,,,,,,
268,,,,,,,,,,,,,,,,,,
269,,,,,,,,,,,,,,,,,,
270,,,,,,,,,,,,,,,,,,
271,,,,,,,,,,,,,,,,,,
272,,,,,,,,,,,,,,,,,,
273,,,,,,,,,,,,,,,,,,
274,,,,,,,,,,,,,,,,,,
275,,,,,,,,,,,,,,,,,,
276,,,,,,,,,,,,,,,,,,
277,,,,,,,,,,,,,,,,,,
278,,,,,,,,,,,,,,,,,,
279,,,,,,,,,,,,,,,,,,
280,,,,,,,,,,,,,,,,,,
281,,,,,,,,,,,,,,,,,,
282,,,,,,,,,,,,,,,,,,
283,,,,,,,,,,,,,,,,,,
284,,,,,,,,,,,,,,,,,,
285,,,,,,,,,,,,,,,,,,
286,,,,,,,,,,,,,,,,,,
287,,,,,,,,,,,,,,,,,,
288,,,,,,,,,,,,,,,,,,
289,,,,,,,,,,,,,,,,,,
290,,,,,,,,,,,,,,,,,,
291,,,,,,,,,,,,,,,,,,
292,,,,,,,,,,,,,,,,,,
293,,,,,,,,,,,,,,,,,,
294,,,,,,,,,,,,,,,,,,
295,,,,,,,,,,,,,,,,,,
296,,,,,,,,,,,,,,,,,,
297,,,,,,,,,,,,,,,,,,
298,,,,,,,,,,,,,,,,,,
299,,,,,,,,,,,,,,,,,,
300,,,,,,,,,,,,,,,,,,
301,,,,,,,,,,,,,,,,,,
302,,,,,,,,,,,,,,,,,,
303,,,,,,,,,,,,,,,,,,
304,,,,,,,,,,,,,,,,,,
305,,,,,,,,,,,,,,,,,,
306,,,,,,,,,,,,,,,,,,
307,,,,,,,,,,,,,,,,,,
308,,,,,,,,,,,,,,,,,,
309,,,,,,,,,,,,,,,,,,
310,,,,,,,,,,,,,,,,,,
311,,,,,,,,,,,,,,,,,,
312,,,,,,,,,,,,,,,,,,
313,,,,,,,,,,,,,,,,,,
314,,,,,,,,,,,,,,,,,,
315,,,,,,,,,,,,,,,,,,
316,,,,,,,,,,,,,,,,,,
317,,,,,,,,,,,,,,,,,,
318,,,,,,,,,,,,,,,,,,
319,,,,,,,,,,,,,,,,,,
320,,,,,,,,,,,,,,,,,,
321,,,,,,,,,,,,,,,,,,
322,,,,,,,,,,,,,,,,,,
323,,,,,,,,,,,,,,,,,,
324,,,,,,,,,,,,,,,,,,
325,,,,,,,,,,,,,,,,,,
326,,,,,,,,,,,,,,,,,,
327,,,,,,,,,,,,,,,,,,
328,,,,,,,,,,,,,,,,,,
329,,,,,,,,,,,,,,,,,,
330,,,,,,,,,,,,,,,,,,
331,,,,,,,,,,,,,,,,,,
332,,,,,,,,,,,,,,,,,,
333,,,,,,,,,,,,,,,,,,
334,,,,,,,,,,,,,,,,,,
335,,,,,,,,,,,,,,,,,,
336,,,,,,,,,,,,,,,,,,
337,,,,,,,,,,,,,,,,,,
338,,,,,,,,,,,,,,,,,,
339,,,,,,,,,,,,,,,,,,
340,,,,,,,,,,,,,,,,,,
341,,,,,,,,,,,,,,,,,,
342,,,,,,,,,,,,,,,,,,
343,,,,,,,,,,,,,,,,,,
344,,,,,,,,,,,,,,,,,,
345,,,,,,,,,,,,,,,,,,
346,,,,,,,,,,,,,,,,,,
347,,,,,,,,,,,,,,,,,,
348,,,,,,,,,,,,,,,,,,
349,,,,,,,,,,,,,,,,,,
350,,,,,,,,,,,,,,,,,,
351,,,,,,,,,,,,,,,,,,
352,,,,,,,,,,,,,,,,,,
353,,,,,,,,,,,,,,,,,,
354,,,,,,,,,,,,,,,,,,
355,,,,,,,,,,,,,,,,,,
356,,,,,,,,,,,,,,,,,,
357,,,,,,,,,,,,,,,,,,
358,,,,,,,,,,,,,,,,,,
359,,,,,,,,,,,,,,,,,,
360,,,,,,,,,,,,,,,,,,
361,,,,,,,,,,,,,,,,,,
362,,,,,,,,,,,,,,,,,,
363,,,,,,,,,,,,,,,,,,
364,,,,,,,,,,,,,,,,,,
365,,,,,,,,,,,,,,,,,,
366,,,,,,,,,,,,,,,,,,
367,,,,,,,,,,,,,,,,,,
368,,,,,,,,,,,,,,,,,,
369,,,,,,,,,,,,,,,,,,
370,,,,,,,,,,,,,,,,,,
371,,,,,,,,,,,,,,,,,,
372,,,,,,,,,,,,,,,,,,
373,,,,,,,,,,,,,,,,,,
374,,,,,,,,,,,,,,,,,,
375,,,,,,,,,,,,,,,,,,
376,,,,,,,,,,,,,,,,,,
377,,,,,,,,,,,,,,,,,,
378,,,,,,,,,,,,,,,,,,
379,,,,,,,,,,,,,,,,,,
380,,,,,,,,,,,,,,,,,,
381,,,,,,,,,,,,,,,,,,
382,,,,,,,,,,,,,,,,,,
383,,,,,,,,,,,,,,,,,,
384,,,,,,,,,,,,,,,,,,
385,,,,,,,,,,,,,,,,,,
386,,,,,,,,,,,,,,,,,,
387,,,,,,,,,,,,,,,,,,
388,,,,,,,,,,,,,,,,,,
389,,,,,,,,,,,,,,,,,,
390,,,,,,,,,,,,,,,,,,
391,,,,,,,,,,,,,,,,,,
392,,,,,,,,,,,,,,,,,,
393,,,,,,,,,,,,,,,,,,
394,,,,,,,,,,,,,,,,,,
395,,,,,,,,,,,,,,,,,,
396,,,,,,,,,,,,,,,,,,
397,,,,,,,,,,,,,,,,,,
398,,,,,,,,,,,,,,,,,,
399,,,,,,,,,,,,,,,,,,
400,,,,,,,,,,,,,,,,,,
401,,,,,,,,,,,,,,,,,,
402,,,,,,,,,,,,,,,,,,
403,,,,,,,,,,,,,,,,,,
404,,,,,,,,,,,,,,,,,,
405,,,,,,,,,,,,,,,,,,
406,,,,,,,,,,,,,,,,,,
407,,,,,,,,,,,,,,,,,,
408,,,,,,,,,,,,,,,,,,
409,,,,,,,,,,,,,,,,,,
410,,,,,,,,,,,,,,,,,,
411,,,,,,,,,,,,,,,,,,
412,,,,,,,,,,,,,,,,,,
413,,,,,,,,,,,,,,,,,,
414,,,,,,,,,,,,,,,,,,
415,,,,,,,,,,,,,,,,,,
416,,,,,,,,,,,,,,,,,,
417,,,,,,,,,,,,,,,,,,
418,,,,,,,,,,,,,,,,,,
419,,,,,,,,,,,,,,,,,,
420,,,,,,,,,,,,,,,,,,
421,,,,,,,,,,,,,,,,,,
422,,,,,,,,,,,,,,,,,,
423,,,,,,,,,,,,,,,,,,
424,,,,,,,,,,,,,,,,,,
425,,,,,,,,,,,,,,,,,,
426,,,,,,,,,,,,,,,,,,
427,,,,,,,,,,,,,,,,,,
428,,,,,,,,,,,,,,,,,,
429,,,,,,,,,,,,,,,,,,
430,,,,,,,,,,,,,,,,,,
431,,,,,,,,,,,,,,,,,,
432,,,,,,,,,,,,,,,,,,
433,,,,,,,,,,,,,,,,,,
434,,,,,,,,,,,,,,,,,,
435,,,,,,,,,,,,,,,,,,
436,,,,,,,,,,,,,,,,,,
437,,,,,,,,,,,,,,,,,,
438,,,,,,,,,,,,,,,,,,
439,,,,,,,,,,,,,,,,,,
440,,,,,,,,,,,,,,,,,,
441,,,,,,,,,,,,,,,,,,
442,,,,,,,,,,,,,,,,,,
443,,,,,,,,,,,,,,,,,,
444,,,,,,,,,,,,,,,,,,
445,,,,,,,,,,,,,,,,,,
446,,,,,,,,,,,,,,,,,,
447,,,,,,,,,,,,,,,,,,
448,,,,,,,,,,,,,,,,,,
449,,,,,,,,,,,,,,,,,,
450,,,,,,,,,,,,,,,,,,
451,,,,,,,,,,,,,,,,,,
452,,,,,,,,,,,,,,,,,,
453,,,,,,,,,,,,,,,,,,
454,,,,,,,,,,,,,,,,,,
455,,,,,,,,,,,,,,,,,,
456,,,,,,,,,,,,,,,,,,
457,,,,,,,,,,,,,,,,,,
458,,,,,,,,,,,,,,,,,,
459,,,,,,,,,,,,,,,,,,
460,,,,,,,,,,,,,,,,,,
461,,,,,,,,,,,,,,,,,,
462,,,,,,,,,,,,,,,,,,
463,,,,,,,,,,,,,,,,,,
464,,,,,,,,,,,,,,,,,,
465,,,,,,,,,,,,,,,,,,
466,,,,,,,,,,,,,,,,,,
467,,,,,,,,,,,,,,,,,,
468,,,,,,,,,,,,,,,,,,
469,,,,,,,,,,,,,,,,,,
470,,,,,,,,,,,,,,,,,,
471,,,,,,,,,,,,,,,,,,
472,,,,,,,,,,,,,,,,,,
473,,,,,,,,,,,,,,,,,,
474,,,,,,,,,,,,,,,,,,
475,,,,,,,,,,,,,,,,,,
476,,,,,,,,,,,,,,,,,,
477,,,,,,,,,,,,,,,,,,
478,,,,,,,,,,,,,,,,,,
479,,,,,,,,,,,,,,,,,,
480,,,,,,,,,,,,,,,,,,
481,,,,,,,,,,,,,,,,,,
482,,,,,,,,,,,,,,,,,,
483,,,,,,,,,,,,,,,,,,
484,,,,,,,,,,,,,,,,,,
485,,,,,,,,,,,,,,,,,,
486,,,,,,,,,,,,,,,,,,
487,,,,,,,,,,,,,,,,,,
488,,,,,,,,,,,,,,,,,,
489,,,,,,,,,,,,,,,,,,
490,,,,,,,,,,,,,,,,,,
491,,,,,,,,,,,,,,,,,,
492,,,,,,,,,,,,,,,,,,
493,,,,,,,,,,,,,,,,,,
494,,,,,,,,,,,,,,,,,,
495,,,,,,,,,,,,,,,,,,
496,,,,,,,,,,,,,,,,,,
497,,,,,,,,,,,,,,,,,,
498,,,,,,,,,,,,,,,,,,
499,,,,,,,,,,,,,,,,,,
500,,,,,,,,,,,,,,,,,,
501,,,,,,,,,,,,,,,,,,
502,,,,,,,,,,,,,,,,,,
503,,,,,,,,,,,,,,,,,,
504,,,,,,,,,,,,,,,,,,
505,,,,,,,,,,,,,,,,,,
506,,,,,,,,,,,,,,,,,,
507,,,,,,,,,,,,,,,,,,
508,,,,,,,,,,,,,,,,,,
509,,,,,,,,,,,,,,,,,,
510,,,,,,,,,,,,,,,,,,
511,,,,,,,,,,,,,,,,,,
512,,,,,,,,,,,,,,,,,,
513,,,,,,,,,,,,,,,,,,
514,,,,,,,,,,,,,,,,,,
515,,,,,,,,,,,,,,,,,,
516,,,,,,,,,,,,,,,,,,
517,,,,,,,,,,,,,,,,,,
518,,,,,,,,,,,,,,,,,,
519,,,,,,,,,,,,,,,,,,
520,,,,,,,,,,,,,,,,,,
521,,,,,,,,,,,,,,,,,,
522,,,,,,,,,,,,,,,,,,
523,,,,,,,,,,,,,,,,,,
524,,,,,,,,,,,,,,,,,,
525,,,,,,,,,,,,,,,,,,
526,,,,,,,,,,,,,,,,,,
527,,,,,,,,,,,,,,,,,,
528,,,,,,,,,,,,,,,,,,
529,,,,,,,,,,,,,,,,,,
530,,,,,,,,,,,,,,,,,,
531,,,,,,,,,,,,,,,,,,
532,,,,,,,,,,,,,,,,,,
533,,,,,,,,,,,,,,,,,,
534,,,,,,,,,,,,,,,,,,
535,,,,,,,,,,,,,,,,,,
536,,,,,,,,,,,,,,,,,,
537,,,,,,,,,,,,,,,,,,
538,,,,,,,,,,,,,,,,,,
539,,,,,,,,,,,,,,,,,,
540,,,,,,,,,,,,,,,,,,
541,,,,,,,,,,,,,,,,,,
542,,,,,,,,,,,,,,,,,,
543,,,,,,,,,,,,,,,,,,
544,,,,,,,,,,,,,,,,,,
545,,,,,,,,,,,,,,,,,,
546,,,,,,,,,,,,,,,,,,
547,,,,,,,,,,,,,,,,,,
548,,,,,,,,,,,,,,,,,,
549,,,,,,,,,,,,,,,,,,
550,,,,,,,,,,,,,,,,,,
551,,,,,,,,,,,,,,,,,,
552,,,,,,,,,,,,,,,,,,
553,,,,,,,,,,,,,,,,,,
554,,,,,,,,,,,,,,,,,,
555,,,,,,,,,,,,,,,,,,
556,,,,,,,,,,,,,,,,,,
557,,,,,,,,,,,,,,,,,,
558,,,,,,,,,,,,,,,,,,
559,,,,,,,,,,,,,,,,,,
560,,,,,,,,,,,,,,,,,,
561,,,,,,,,,,,,,,,,,,
562,,,,,,,,,,,,,,,,,,
563,,,,,,,,,,,,,,,,,,
564,,,,,,,,,,,,,,,,,,
565,,,,,,,,,,,,,,,,,,
566,,,,,,,,,,,,,,,,,,
567,,,,,,,,,,,,,,,,,,
568,,,,,,,,,,,,,,,,,,
569,,,,,,,,,,,,,,,,,,
570,,,,,,,,,,,,,,,,,,
571,,,,,,,,,,,,,,,,,,
572,,,,,,,,,,,,,,,,,,
573,,,,,,,,,,,,,,,,,,
574,,,,,,,,,,,,,,,,,,
575,,,,,,,,,,,,,,,,,,
576,,,,,,,,,,,,,,,,,,
577,,,,,,,,,,,,,,,,,,
578,,,,,,,,,,,,,,,,,,
579,,,,,,,,,,,,,,,,,,
580,,,,,,,,,,,,,,,,,,
581,,,,,,,,,,,,,,,,,,
582,,,,,,,,,,,,,,,,,,
583,,,,,,,,,,,,,,,,,,
584,,,,,,,,,,,,,,,,,,
585,,,,,,,,,,,,,,,,,,
586,,,,,,,,,,,,,,,,,,
587,,,,,,,,,,,,,,,,,,
588,,,,,,,,,,,,,,,,,,
589,,,,,,,,,,,,,,,,,,
590,,,,,,,,,,,,,,,,,,
591,,,,,,,,,,,,,,,,,,
592,,,,,,,,,,,,,,,,,,
593,,,,,,,,,,,,,,,,,,
594,,,,,,,,,,,,,,,,,,
595,,,,,,,,,,,,,,,,,,
596,,,,,,,,,,,,,,,,,,
597,,,,,,,,,,,,,,,,,,
598,,,,,,,,,,,,,,,,,,
599,,,,,,,,,,,,,,,,,,
600,,,,,,,,,,,,,,,,,,
601,,,,,,,,,,,,,,,,,,
602,,,,,,,,,,,,,,,,,,
603,,,,,,,,,,,,,,,,,,
604,,,,,,,,,,,,,,,,,,
605,,,,,,,,,,,,,,,,,,
606,,,,,,,,,,,,,,,,,,
607,,,,,,,,,,,,,,,,,,
608,,,,,,,,,,,,,,,,,,
609,,,,,,,,,,,,,,,,,,
610,,,,,,,,,,,,,,,,,,
611,,,,,,,,,,,,,,,,,,
612,,,,,,,,,,,,,,,,,,
613,,,,,,,,,,,,,,,,,,
614,,,,,,,,,,,,,,,,,,
615,,,,,,,,,,,,,,,,,,
616,,,,,,,,,,,,,,,,,,
617,,,,,,,,,,,,,,,,,,
618,,,,,,,,,,,,,,,,,,
619,,,,,,,,,,,,,,,,,,
620,,,,,,,,,,,,,,,,,,
621,,,,,,,,,,,,,,,,,,
622,,,,,,,,,,,,,,,,,,
623,,,,,,,,,,,,,,,,,,
624,,,,,,,,,,,,,,,,,,
625,,,,,,,,,,,,,,,,,,
626,,,,,,,,,,,,,,,,,,
627,,,,,,,,,,,,,,,,,,
628,,,,,,,,,,,,,,,,,,
629,,,,,,,,,,,,,,,,,,
630,,,,,,,,,,,,,,,,,,
631,,,,,,,,,,,,,,,,,,
632,,,,,,,,,,,,,,,,,,
633,,,,,,,,,,,,,,,,,,
634,,,,,,,,,,,,,,,,,,
635,,,,,,,,,,,,,,,,,,
636,,,,,,,,,,,,,,,,,,
637,,,,,,,,,,,,,,,,,,
638,,,,,,,,,,,,,,,,,,
639,,,,,,,,,,,,,,,,,,
640,,,,,,,,,,,,,,,,,,
641,,,,,,,,,,,,,,,,,,
642,,,,,,,,,,,,,,,,,,
643,,,,,,,,,,,,,,,,,,
644,,,,,,,,,,,,,,,,,,
645,,,,,,,,,,,,,,,,,,
646,,,,,,,,,,,,,,,,,,
647,,,,,,,,,,,,,,,,,,
648,,,,,,,,,,,,,,,,,,
649,,,,,,,,,,,,,,,,,,
650,,,,,,,,,,,,,,,,,,
651,,,,,,,,,,,,,,,,,,
652,,,,,,,,,,,,,,,,,,
653,,,,,,,,,,,,,,,,,,
654,,,,,,,,,,,,,,,,,,
655,,,,,,,,,,,,,,,,,,
656,,,,,,,,,,,,,,,,,,
657,,,,,,,,,,,,,,,,,,
658,,,,,,,,,,,,,,,,,,
659,,,,,,,,,,,,,,,,,,
660,,,,,,,,,,,,,,,,,,
661,,,,,,,,,,,,,,,,,,
662,,,,,,,,,,,,,,,,,,
663,,,,,,,,,,,,,,,,,,
664,,,,,,,,,,,,,,,,,,
665,,,,,,,,,,,,,,,,,,
666,,,,,,,,,,,,,,,,,,
667,,,,,,,,,,,,,,,,,,
668,,,,,,,,,,,,,,,,,,
669,,,,,,,,,,,,,,,,,,
670,,,,,,,,,,,,,,,,,,
671,,,,,,,,,,,,,,,,,,
672,,,,,,,,,,,,,,,,,,
673,,,,,,,,,,,,,,,,,,
674,,,,,,,,,,,,,,,,,,
675,,,,,,,,,,,,,,,,,,
676,,,,,,,,,,,,,,,,,,
677,,,,,,,,,,,,,,,,,,
678,,,,,,,,,,,,,,,,,,
679,,,,,,,,,,,,,,,,,,
680,,,,,,,,,,,,,,,,,,
681,,,,,,,,,,,,,,,,,,
682,,,,,,,,,,,,,,,,,,
683,,,,,,,,,,,,,,,,,,
684,,,,,,,,,,,,,,,,,,
685,,,,,,,,,,,,,,,,,,
686,,,,,,,,,,,,,,,,,,
687,,,,,,,,,,,,,,,,,,
688,,,,,,,,,,,,,,,,,,
689,,,,,,,,,,,,,,,,,,
690,,,,,,,,,,,,,,,,,,
691,,,,,,,,,,,,,,,,,,
692,,,,,,,,,,,,,,,,,,
693,,,,,,,,,,,,,,,,,,
694,,,,,,,,,,,,,,,,,,
695,,,,,,,,,,,,,,,,,,
696,,,,,,,,,,,,,,,,,,
697,,,,,,,,,,,,,,,,,,
698,,,,,,,,,,,,,,,,,,
699,,,,,,,,,,,,,,,,,,
700,,,,,,,,,,,,,,,,,,
701,,,,,,,,,,,,,,,,,,
702,,,,,,,,,,,,,,,,,,
703,,,,,,,,,,,,,,,,,,
704,,,,,,,,,,,,,,,,,,
705,,,,,,,,,,,,,,,,,,
706,,,,,,,,,,,,,,,,,,
707,,,,,,,,,,,,,,,,,,
708,,,,,,,,,,,,,,,,,,
709,,,,,,,,,,,,,,,,,,
710,,,,,,,,,,,,,,,,,,
711,,,,,,,,,,,,,,,,,,
712,,,,,,,,,,,,,,,,,,
713,,,,,,,,,,,,,,,,,,
714,,,,,,,,,,,,,,,,,,
715,,,,,,,,,,,,,,,,,,
716,,,,,,,,,,,,,,,,,,
717,,,,,,,,,,,,,,,,,,
718,,,,,,,,,,,,,,,,,,
719,,,,,,,,,,,,,,,,,,
720,,,,,,,,,,,,,,,,,,
721,,,,,,,,,,,,,,,,,,
722,,,,,,,,,,,,,,,,,,
723,,,,,,,,,,,,,,,,,,
724,,,,,,,,,,,,,,,,,,
725,,,,,,,,,,,,,,,,,,
726,,,,,,,,,,,,,,,,,,
727,,,,,,,,,,,,,,,,,,
728,,,,,,,,,,,,,,,,,,
729,,,,,,,,,,,,,,,,,,
730,,,,,,,,,,,,,,,,,,
731,,,,,,,,,,,,,,,,,,
732,,,,,,,,,,,,,,,,,,
733,,,,,,,,,,,,,,,,,,
734,,,,,,,,,,,,,,,,,,
735,,,,,,,,,,,,,,,,,,
736,,,,,,,,,,,,,,,,,,
737,,,,,,,,,,,,,,,,,,
738,,,,,,,,,,,,,,,,,,
739,,,,,,,,,,,,,,,,,,
740,,,,,,,,,,,,,,,,,,
741,,,,,,,,,,,,,,,,,,
742,,,,,,,,,,,,,,,,,,
743,,,,,,,,,,,,,,,,,,
744,,,,,,,,,,,,,,,,,,
745,,,,,,,,,,,,,,,,,,
746,,,,,,,,,,,,,,,,,,
747,,,,,,,,,,,,,,,,,,
748,,,,,,,,,,,,,,,,,,
749,,,,,,,,,,,,,,,,,,
750,,,,,,,,,,,,,,,,,,
751,,,,,,,,,,,,,,,,,,
752,,,,,,,,,,,,,,,,,,
753,,,,,,,,,,,,,,,,,,
754,,,,,,,,,,,,,,,,,,
755,,,,,,,,,,,,,,,,,,
756,,,,,,,,,,,,,,,,,,
757,,,,,,,,,,,,,,,,,,
758,,,,,,,,,,,,,,,,,,
759,,,,,,,,,,,,,,,,,,
760,,,,,,,,,,,,,,,,,,
761,,,,,,,,,,,,,,,,,,
762,,,,,,,,,,,,,,,,,,
763,,,,,,,,,,,,,,,,,,
764,,,,,,,,,,,,,,,,,,
765,,,,,,,,,,,,,,,,,,
766,,,,,,,,,,,,,,,,,,
767,,,,,,,,,,,,,,,,,,
768,,,,,,,,,,,,,,,,,,
769,,,,,,,,,,,,,,,,,,
770,,,,,,,,,,,,,,,,,,
771,,,,,,,,,,,,,,,,,,
772,,,,,,,,,,,,,,,,,,
773,,,,,,,,,,,,,,,,,,
774,,,,,,,,,,,,,,,,,,
775,,,,,,,,,,,,,,,,,,
776,,,,,,,,,,,,,,,,,,
777,,,,,,,,,,,,,,,,,,
778,,,,,,,,,,,,,,,,,,
779,,,,,,,,,,,,,,,,,,
780,,,,,,,,,,,,,,,,,,
781,,,,,,,,,,,,,,,,,,
782,,,,,,,,,,,,,,,,,,
783,,,,,,,,,,,,,,,,,,
784,,,,,,,,,,,,,,,,,,
785,,,,,,,,,,,,,,,,,,
786,,,,,,,,,,,,,,,,,,
787,,,,,,,,,,,,,,,,,,
788,,,,,,,,,,,,,,,,,,
789,,,,,,,,,,,,,,,,,,
790,,,,,,,,,,,,,,,,,,
791,,,,,,,,,,,,,,,,,,
792,,,,,,,,,,,,,,,,,,
793,,,,,,,,,,,,,,,,,,
794,,,,,,,,,,,,,,,,,,
795,,,,,,,,,,,,,,,,,,
796,,,,,,,,,,,,,,,,,,
797,,,,,,,,,,,,,,,,,,
798,,,,,,,,,,,,,,,,,,
799,,,,,,,,,,,,,,,,,,
800,,,,,,,,,,,,,,,,,,
801,,,,,,,,,,,,,,,,,,
802,,,,,,,,,,,,,,,,,,
803,,,,,,,,,,,,,,,,,,
804,,,,,,,,,,,,,,,,,,
805,,,,,,,,,,,,,,,,,,
806,,,,,,,,,,,,,,,,,,
807,,,,,,,,,,,,,,,,,,
808,,,,,,,,,,,,,,,,,,
809,,,,,,,,,,,,,,,,,,
810,,,,,,,,,,,,,,,,,,
811,,,,,,,,,,,,,,,,,,
812,,,,,,,,,,,,,,,,,,
813,,,,,,,,,,,,,,,,,,
814,,,,,,,,,,,,,,,,,,
815,,,,,,,,,,,,,,,,,,
816,,,,,,,,,,,,,,,,,,
817,,,,,,,,,,,,,,,,,,
818,,,,,,,,,,,,,,,,,,
819,,,,,,,,,,,,,,,,,,
820,,,,,,,,,,,,,,,,,,
821,,,,,,,,,,,,,,,,,,
822,,,,,,,,,,,,,,,,,,
823,,,,,,,,,,,,,,,,,,
824,,,,,,,,,,,,,,,,,,
825,,,,,,,,,,,,,,,,,,
826,,,,,,,,,,,,,,,,,,
827,,,,,,,,,,,,,,,,,,
828,,,,,,,,,,,,,,,,,,
829,,,,,,,,,,,,,,,,,,
830,,,,,,,,,,,,,,,,,,
831,,,,,,,,,,,,,,,,,,
832,,,,,,,,,,,,,,,,,,
833,,,,,,,,,,,,,,,,,,
834,,,,,,,,,,,,,,,,,,
835,,,,,,,,,,,,,,,,,,
836,,,,,,,,,,,,,,,,,,
837,,,,,,,,,,,,,,,,,,
838,,,,,,,,,,,,,,,,,,
839,,,,,,,,,,,,,,,,,,
840,,,,,,,,,,,,,,,,,,
841,,,,,,,,,,,,,,,,,,
842,,,,,,,,,,,,,,,,,,
843,,,,,,,,,,,,,,,,,,
844,,,,,,,,,,,,,,,,,,
845,,,,,,,,,,,,,,,,,,
846,,,,,,,,,,,,,,,,,,
847,,,,,,,,,,,,,,,,,,
848,,,,,,,,,,,,,,,,,,
849,,,,,,,,,,,,,,,,,,
850,,,,,,,,,,,,,,,,,,
851,,,,,,,,,,,,,,,,,,
852,,,,,,,,,,,,,,,,,,
853,,,,,,,,,,,,,,,,,,
854,,,,,,,,,,,,,,,,,,
855,,,,,,,,,,,,,,,,,,
856,,,,,,,,,,,,,,,,,,
857,,,,,,,,,,,,,,,,,,
858,,,,,,,,,,,,,,,,,,
859,,,,,,,,,,,,,,,,,,
860,,,,,,,,,,,,,,,,,,
861,,,,,,,,,,,,,,,,,,
862,,,,,,,,,,,,,,,,,,
863,,,,,,,,,,,,,,,,,,
864,,,,,,,,,,,,,,,,,,
865,,,,,,,,,,,,,,,,,,
866,,,,,,,,,,,,,,,,,,
867,,,,,,,,,,,,,,,,,,
868,,,,,,,,,,,,,,,,,,
869,,,,,,,,,,,,,,,,,,
870,,,,,,,,,,,,,,,,,,
871,,,,,,,,,,,,,,,,,,
872,,,,,,,,,,,,,,,,,,
873,,,,,,,,,,,,,,,,,,
874,,,,,,,,,,,,,,,,,,
875,,,,,,,,,,,,,,,,,,
876,,,,,,,,,,,,,,,,,,
877,,,,,,,,,,,,,,,,,,
878,,,,,,,,,,,,,,,,,,
879,,,,,,,,,,,,,,,,,,
880,,,,,,,,,,,,,,,,,,
881,,,,,,,,,,,,,,,,,,
882,,,,,,,,,,,,,,,,,,
883,,,,,,,,,,,,,,,,,,
884,,,,,,,,,,,,,,,,,,
885,,,,,,,,,,,,,,,,,,
886,,,,,,,,,,,,,,,,,,
887,,,,,,,,,,,,,,,,,,
888,,,,,,,,,,,,,,,,,,
889,,,,,,,,,,,,,,,,,,
890,,,,,,,,,,,,,,,,,,
891,,,,,,,,,,,,,,,,,,
892,,,,,,,,,,,,,,,,,,
893,,,,,,,,,,,,,,,,,,
894,,,,,,,,,,,,,,,,,,
895,,,,,,,,,,,,,,,,,,
896,,,,,,,,,,,,,,,,,,
897,,,,,,,,,,,,,,,,,,
898,,,,,,,,,,,,,,,,,,
899,,,,,,,,,,,,,,,,,,
900,,,,,,,,,,,,,,,,,,
901,,,,,,,,,,,,,,,,,,
902,,,,,,,,,,,,,,,,,,
903,,,,,,,,,,,,,,,,,,
904,,,,,,,,,,,,,,,,,,
905,,,,,,,,,,,,,,,,,,
906,,,,,,,,,,,,,,,,,,
907,,,,,,,,,,,,,,,,,,
908,,,,,,,,,,,,,,,,,,
909,,,,,,,,,,,,,,,,,,
910,,,,,,,,,,,,,,,,,,
911,,,,,,,,,,,,,,,,,,
912,,,,,,,,,,,,,,,,,,
913,,,,,,,,,,,,,,,,,,
914,,,,,,,,,,,,,,,,,,
915,,,,,,,,,,,,,,,,,,
916,,,,,,,,,,,,,,,,,,
917,,,,,,,,,,,,,,,,,,
918,,,,,,,,,,,,,,,,,,
919,,,,,,,,,,,,,,,,,,
920,,,,,,,,,,,,,,,,,,
921,,,,,,,,,,,,,,,,,,
922,,,,,,,,,,,,,,,,,,
923,,,,,,,,,,,,,,,,,,
924,,,,,,,,,,,,,,,,,,
925,,,,,,,,,,,,,,,,,,
926,,,,,,,,,,,,,,,,,,
927,,,,,,,,,,,,,,,,,,
928,,,,,,,,,,,,,,,,,,
929,,,,,,,,,,,,,,,,,,
930,,,,,,,,,,,,,,,,,,
931,,,,,,,,,,,,,,,,,,
932,,,,,,,,,,,,,,,,,,
933,,,,,,,,,,,,,,,,,,
934,,,,,,,,,,,,,,,,,,
935,,,,,,,,,,,,,,,,,,
936,,,,,,,,,,,,,,,,,,
937,,,,,,,,,,,,,,,,,,
938,,,,,,,,,,,,,,,,,,
939,,,,,,,,,,,,,,,,,,
940,,,,,,,,,,,,,,,,,,
941,,,,,,,,,,,,,,,,,,
942,,,,,,,,,,,,,,,,,,
943,,,,,,,,,,,,,,,,,,
944,,,,,,,,,,,,,,,,,,
945,,,,,,,,,,,,,,,,,,
946,,,,,,,,,,,,,,,,,,
947,,,,,,,,,,,,,,,,,,
948,,,,,,,,,,,,,,,,,,
949,,,,,,,,,,,,,,,,,,
950,,,,,,,,,,,,,,,,,,
951,,,,,,,,,,,,,,,,,,
952,,,,,,,,,,,,,,,,,,
953,,,,,,,,,,,,,,,,,,
954,,,,,,,,,,,,,,,,,,
955,,,,,,,,,,,,,,,,,,
956,,,,,,,,,,,,,,,,,,
957,,,,,,,,,,,,,,,,,,
958,,,,,,,,,,,,,,,,,,
959,,,,,,,,,,,,,,,,,,
960,,,,,,,,,,,,,,,,,,
961,,,,,,,,,,,,,,,,,,
962,,,,,,,,,,,,,,,,,,
963,,,,,,,,,,,,,,,,,,
964,,,,,,,,,,,,,,,,,,
965,,,,,,,,,,,,,,,,,,
966,,,,,,,,,,,,,,,,,,
967,,,,,,,,,,,,,,,,,,
968,,,,,,,,,,,,,,,,,,
969,,,,,,,,,,,,,,,,,,
970,,,,,,,,,,,,,,,,,,
971,,,,,,,,,,,,,,,,,,
972,,,,,,,,,,,,,,,,,,
973,,,,,,,,,,,,,,,,,,
974,29.2519484592541,3.0601849075308882,25.460338746353546,,,,,,,,,,,,,,,
975,29.029439959957955,3.003803463466322,25.572772761803833,,,,,,,,,,,,,,,
976,28.665567295226737,2.9473798472433415,25.585708543893126,,,,,,,,,,,,,,,
977,28.35060045544271,2.9114216572447384,25.64449783822411,,,,,,,,,,,,,,,
978,28.002244512924193,2.891781010914976,25.656719319035908,,,,,,,,,,,,,,,
979,27.625551406835303,2.903167684963369,25.69222964761932,,,,,,,,,,,,,,,
980,27.252181380594532,2.9682771203409017,25.768512417872106,,,,,,,,,,,,,,,
981,26.85543125373018,3.0271974659873226,25.822616174429616,,,,,,,,,,,,,,,
982,26.457837011862484,3.049215030787546,25.836458215407145,,,,,,,,,,,,,,,
983,26.05138285926053,3.0212054612802857,25.796977304763825,,,,,,,,,,,,,,,
984,25.676787069945437,2.9649226112133396,25.778447215793847,,,,,,,,,,,,,,,
985,25.344769994224254,2.911236790311261,25.819286704008285,,,,,,,,,,,,,,,
986,24.991777527012186,2.8765978214098853,25.768396613405635,,,,,,,,,,,,,,,
987,24.672028715252274,2.826453012178694,25.754777501403403,,,,,,,,,,,,,,,
988,24.310440194553497,2.800271596757921,25.714616787602576,,,,,,,,,,,,,,,
989,23.946305901438436,2.819446409475869,25.706046524678936,,,,,,,,,,,,,28.85220560884334,4.032225454355615,24.275005281909362
990,23.572373112095526,2.896939637631403,25.672578654319977,,,,,,,29.20588283343079,3.0907909157569784,24.819616617682133,29.596847871026828,4.112007405119308,25.323731755095082,28.63704039896834,4.257137447011978,24.871931023517483
991,23.15580890055026,2.9848150753248213,25.649599819633398,,,,,,,28.95277152507981,3.21485031957323,25.072552178011062,29.73815797701236,4.280853842982668,26.050812758558955,28.853154981187217,4.521346046350707,25.7630389024829
992,22.72581888889235,3.042504335766327,25.696807791472775,,,,,,,28.668662354902796,3.36085769746374,25.207330404774588,29.680091892937625,4.21087223757245,26.042219236400825,28.86059523224511,4.521564253923547,25.79350053645888
993,22.292782362975355,3.061961058982672,25.752206026134203,,,,,,,28.44276365756889,3.503201176121228,25.26142275116853,29.603095520221885,4.160825017118667,25.97781326017336,28.875279326247576,4.513803979888801,25.80414742600017
994,21.896424075350204,3.0439395468756834,25.78904232383755,,,,29.110445957613184,2.6636760227741707,25.197609321793138,28.22040203739339,3.621404501680972,25.30622446477451,29.506441043348012,4.055384435199749,25.86211740953251,28.86123922901502,4.489979927685409,25.745552071825127
995,21.54397606144946,2.9917501323858113,25.830235395410345,,,,28.83445365803367,2.6773206826229012,25.26649393060354,28.019829310943415,3.7125819101838076,25.334274176801834,29.425393815994603,3.9171522299932042,25.85189850586942,28.835415581667963,4.47082302107645,25.751870849377884
996,21.1473682877933,2.9178359412568735,25.82081797902602,,,,28.50540222042773,2.66859833145255,25.291731540037983,27.776646486193492,3.770086964888217,25.269944474057088,29.334715065946845,3.7570440715136635,25.851770290090393,28.852013190544874,4.435745695989965,25.8124581276872
997,20.740824274744202,2.8321591222786915,25.84395461346315,,,,28.179261734639798,2.674919018842884,25.352505782201387,27.521377590764146,3.7771773250558356,25.246816422218924,29.17908375176705,3.5601627813311882,25.799363968006162,28.78206397498306,4.3886047394375876,25.768109836539683
998,20.363803264792843,2.744275602089706,25.91917734904501,29.143343124011864,2.167805850890765,25.980413003829383,27.816950942866463,2.6484864596714526,25.37545226522802,27.18533816963877,3.7325466804922187,25.131153188973226,28.988943673283245,3.431228916627613,25.747399275693923,28.78398849706452,4.32628654875602,25.833438628894505
999,19.955976820511125,2.690274725015047,25.944657454941193,28.646760742666512,2.215750425485932,25.856036615940674,27.398207447762044,2.6009734043002717,25.304628181284603,26.82268837210053,3.637760333159711,25.083587018207442,28.79272229898282,3.271327320432659,25.789998768361414,28.733832874572304,4.261675902599226,25.864438561211422
1000,19.546835650536913,2.68628457652135,25.95102938330477,28.19048788358674,2.1596707140071856,25.9390889092887,26.98232211335227,2.528829017354595,25.379537839066924,26.409933599905628,3.5572220660162417,25.020338805453246,28.528702342056555,3.1751931349032216,25.654974357496094,28.658994350659512,4.205052313669808,25.776507323286644
1001,19.124531206434416,2.746048252013658,26.06907589112811,27.77074059085396,2.1140122253753852,26.065866424027515,26.566478337835314,2.444101551876411,25.43412336045274,26.09744598114293,3.4734958003279117,25.144714406037693,28.297691014081646,3.120351382317555,25.651578095370926,28.59798912720446,4.154152401192058,25.761669963635807
1002,18.711981787866087,2.831546211651606,26.140057895976387,27.39992909191214,2.0660459105586524,26.198370792201583,26.137089911650026,2.385095781637448,25.43599406371271,25.730385080523035,3.4016274747005997,25.160351056239406,28.0357201799636,3.1005281775942746,25.529598072842187,28.487611349815168,4.089172775944395,25.684241079147704
1003,18.287884823384324,2.873641509634926,26.20012029941002,27.047411128346372,2.038846434086924,26.29489924031741,25.736964462283314,2.3579909349362036,25.485142615985897,25.31199089400519,3.3592660299830697,25.152100465945786,27.61341879720081,3.0560961484993263,25.322755416605222,28.279909297501256,3.984282133438382,25.54340411641778
1004,17.88476944604701,2.8790667486050765,26.254489879011718,26.6691231072653,2.012134130903825,26.257160618433385,25.269949297277304,2.3317371759179153,25.422653223480992,24.76802324903876,3.3410895001269054,25.043630000820453,26.867768558500646,2.9103675986797026,24.920839277645396,27.584674315706444,3.7015123718365097,25.082412801260205
1005,17.522101981542754,2.844161719141493,26.319736256871586,26.353407247506627,2.005746654438815,26.316419379579916,24.82072192966569,2.312171246145953,25.40766666818749,24.176335612423816,3.3307743976824735,24.928067910042973,25.953016542667157,2.6576800350085863,24.60742826269816,26.5289891164002,3.370652765013753,24.59042842263365
1006,17.16306819689516,2.8154850794124537,26.324633414091647,26.074562799083456,1.9814244066117954,26.343814361509885,24.343715499453495,2.244921548091533,25.35310803629561,23.610813832613683,3.2668854247971613,24.895437581871178,25.218086610341942,2.4411685649170023,24.828346334000265,25.28352182012867,3.227854608296618,24.286515150649468
1007,16.822443278356637,2.7714074789842447,26.30474450030444,25.738475011564326,2.0403323173624996,26.331205459151793,23.915622026000893,2.1768366522549067,25.378455869931496,23.096052053579783,3.148971444896487,24.886114924932265,24.75910930940748,2.59897520758181,25.078389502102794,24.167556897413974,3.3414703424265837,24.229620224436022
1008,16.453136367912023,2.7138724592824364,26.288130607033874,25.264731947129537,2.108498544781763,26.200123859838488,23.538932292182686,2.221696434108833,25.42631039011781,22.61551638458029,3.0835511561717164,24.91474217546069,24.05885506664785,3.1093741437535423,24.734943721500727,23.24450342042653,3.5481938103736193,24.36524481426153
1009,16.101988966535263,2.6456543994762676,26.24594276560724,24.770472834633363,2.1701253742498077,25.991972469397442,23.13047929558543,2.2739660299211484,25.33062591437174,22.097230845841473,3.0269402625138637,24.85510429841058,22.98312656771595,3.6098457502776746,24.496295037463405,22.154072473845886,3.7103840700532245,24.275344665382363
1010,15.759095169560528,2.617236913346507,26.247667804653798,24.378789724904944,2.2265205688365444,25.955388017160537,22.680179735097553,2.3052874041553926,25.2314151749505,21.618408911536964,2.994594921936456,24.908885339969704,21.93537131013815,3.898650869313988,24.750046695409573,21.13246843477466,3.843503556882737,24.485424885204715
1011,15.39724600521226,2.638925142912425,26.241840648980347,24.011496379150593,2.3001085396532326,25.897678904932146,22.290088519530325,2.344210084506409,25.22279994321482,21.121723424519473,2.966121278525311,24.980690675060345,21.432719555964294,4.037905401210425,25.45647301755106,20.521324776283265,4.063395115159782,25.06098977356656
1012,14.995425839309068,2.708252609819659,26.25037101562018,23.627908350533026,2.309146199787326,25.751222137866808,21.89895326989264,2.3340705035028626,25.21010298524205,20.769057642296083,3.040294984290969,25.220559807513215,21.39439249371638,4.103760819827678,26.1288525151942,20.509010375375993,4.328544225962971,25.915878462351213
1013,14.588694598530719,2.7651761717713446,26.275430812771944,23.24167621635971,2.250120076446945,25.73377602306529,21.546494331294205,2.4355967431212653,25.251765574374275,20.472064898866684,3.19396752267771,25.359913448204033,21.35129404579198,4.105101386749678,26.2781444855895,20.49157320718729,4.409382352338615,26.132051388035872
1014,14.17972617882598,2.7975700609556142,26.356590675854424,22.902828352451728,2.166343250074805,25.847392901467547,21.232867396092086,2.4646889307734132,25.296077220407437,20.2234036405197,3.3061699709230945,25.45502508751558,21.29987045733634,4.038820154909609,26.278015532492613,20.492351680346147,4.398193990352779,26.09869025202714
1015,13.786303530245549,2.7737787700241996,26.456684465294618,22.536363166199617,2.0874456562390855,26.010889212028204,20.920637893526976,2.483810428384954,25.365645298090406,19.970293186594485,3.432163284825506,25.523673014987033,21.251195108123206,3.925280155045185,26.130625970603187,20.48373055407631,4.367785551847788,26.039972501516537
1016,13.415389923623012,2.6905971693333335,26.47470204351532,22.167321597932286,2.015096192719914,26.077304979238548,20.64433638828024,2.490185610640786,25.435481977869287,19.762987907839346,3.5267389420368485,25.584178771857864,21.16249243129359,3.8009798351458075,26.171567299816648,20.477797984250852,4.343890601592301,26.04459903232083
1017,13.06839569903099,2.6012937299574075,26.519817644079403,21.787386369182503,1.9793033801660853,26.186292490925894,20.33336398493448,2.489247542993678,25.504019287399938,19.54376018725854,3.573437592314077,25.511518825379927,21.048684364705508,3.6510956996380983,26.09950334117769,20.475602559899492,4.3041316303732415,26.07760115880821
1018,12.694209097547647,2.5272943835516912,26.538325253871207,21.40566520632835,1.988485360117006,26.30909463640597,20.00323478104454,2.4717783126841497,25.576324930187223,19.28968219578803,3.578203923709032,25.443476747287917,20.906683841482927,3.4951489925243187,26.130225600969382,20.451950611454155,4.2633835568379626,26.105270039861733
1019,12.3337345999388,2.452546328393986,26.55411159774933,20.995294705691084,2.0149995630961057,26.45799644940512,19.648702731865036,2.449790452362338,25.642593566468395,18.978587858198622,3.5485523292603007,25.402739018818004,20.751403267316558,3.3273196736446633,26.05911667906089,20.407963275690495,4.210123503723035,26.096802608916672
1020,11.953154120396333,2.416444979008542,26.53535255230573,20.599163497628346,2.02317301796842,26.573531719124045,19.267760512975507,2.4076529989591653,25.716909129525295,18.621848611838097,3.4536074524937357,25.399338969783514,20.543306874781308,3.1949988429949983,26.013215277757308,20.36464374761299,4.175110917557702,26.096564016724695
1021,11.575580580317371,2.396246338959209,26.55558751092605,20.175080815863303,2.050736754524624,26.65273859691971,18.890000683967475,2.345413430137896,25.768342735073702,18.246235730389763,3.353101410028699,25.431424150235248,20.316792825850676,3.1204364151608797,26.017730032285154,20.324504397017403,4.1264201449450235,26.05143645696206
1022,11.174402616486011,2.4481705482202,26.585856784978798,19.759620157204704,2.0528285337146253,26.7829987193762,18.466399805728777,2.2596649832475353,25.851829752990973,17.902270883910454,3.2487280126872906,25.474727297607497,20.089549182668023,3.07279230101149,26.003189957026784,20.281473180951064,4.070772177186621,26.029471403876222
1023,10.737547588313134,2.5615843242557985,26.682595224679194,19.36506580363266,2.0266225404348353,26.94167995856984,18.040849236047766,2.17212657863466,25.91241446863002,17.578791487381626,3.153882333050789,25.55320187501042,19.81874499981585,3.030383993215219,25.909271749714534,20.171008586177557,3.9647669791147315,25.957441338389913
1024,10.291437477572332,2.6693586856474862,26.723639623833243,18.996188143078584,1.9640750502547075,26.928719849852705,17.633619021665808,2.1079392704039774,25.971321403029126,17.19331043954633,3.097375770237805,25.574502754413032,19.474134655880707,2.988129287962394,25.74789552310574,19.994722865910166,3.876207549469394,25.83668931972556
1025,9.867322897820888,2.71140169212593,26.70657306931285,18.63348316281049,1.9012921800958158,26.96899761670748,17.206196360415383,2.067543191423753,25.99778759242591,16.685202023031323,3.073392344236091,25.5371771121457,18.9248040847377,2.8141138351479107,25.421336047122274,19.527522575097905,3.581725603816948,25.440192490333057
1026,9.461808235925181,2.6892824363379733,26.676057010249497,18.26736240793542,1.8551554091231275,27.014335420690408,16.731875071389155,2.034571842621233,25.928722614501776,16.094458141931195,3.0513177818631476,25.391384525743167,18.127566545797798,2.487555569640273,25.258146159387383,18.655497416351178,3.23261255470081,25.115935243257475
1027,9.07423515299713,2.643785011243179,26.65445214303763,17.903632166766105,1.8290818452627455,26.918964647875676,16.26710801863454,2.010995940623877,25.900840171494497,15.526329987195744,3.0257496370907804,25.36788689383391,17.273859638954733,2.25219334014009,25.35497759363725,17.490816510388736,3.0290479170029685,24.810398622083117
1028,8.69458670916961,2.589861319433287,26.596198407355395,17.521254630462927,1.867078414030227,26.773045262545693,15.769020031041595,1.9271793046383585,25.96463359344988,14.986987696784963,2.9190359949491906,25.457738782406356,16.627547334754848,2.296265097002693,25.481187120654372,16.314315604179466,3.09107180691819,24.7733777676837
1029,8.356689271519985,2.54539975605732,26.54428524332416,17.08748284612322,1.9528688079966836,26.821393520604314,15.367309483712575,1.9704510443654821,25.973278695550132,14.499957815801,2.842619418798949,25.453653555130547,16.0918583563556,2.777571464300068,25.339386378208374,15.369626846587899,3.283208268992128,25.02727991711074
1030,7.997032268984875,2.4998584796356442,26.482211817112645,16.67831661741708,1.9967567026494715,26.746949370748727,14.9672052001729,2.044408283567557,25.917447085820104,14.00983101984511,2.806576354558521,25.524444650632372,15.200074609829375,3.3444899284000194,25.270307793017608,14.398124734952491,3.4957874780675904,25.10643418696521
1031,7.642351629974494,2.4953744399672457,26.44033120499849,16.255118102230345,2.0523291043108425,26.754751893471973,14.546241408991285,2.091857860348782,25.87607599209738,13.479076597557592,2.7774960084605387,25.566946233294658,14.099148342796292,3.661105725942296,25.518962962508994,13.287495668028312,3.64377459060298,25.266944171664544
1032,7.283742591392069,2.5477933653119855,26.411246056933656,15.8250697981928,2.1090729919204323,26.675141964283767,14.11860084329148,2.1387127422585706,25.851579500038632,13.008127543492863,2.7825907904159313,25.655852333033746,13.32541624553435,3.8003715687287345,26.154685778390515,12.442419083883616,3.9152172713989266,25.803827761005632
1033,6.921237728989038,2.651181320510198,26.369836555603417,15.435305596028458,2.1200542856953577,26.764594046476294,13.714379138617558,2.171977306602473,25.86440188038551,12.576120481228235,2.8441537401924952,25.83461473813057,13.031113760793291,3.86594343337614,26.816227605689757,12.153526244471081,4.1241652489601,26.513507188214305
1034,6.519257768987014,2.7386977334353295,26.398644157051002,15.051488907320708,2.0531094157619147,26.79493479944586,13.345474067425101,2.2327784140565337,25.93013592473339,12.26769686513628,2.9780877825019543,25.98821373754521,12.929222184630156,3.857826608731476,27.038746176584127,12.102835091060761,4.160588015595292,26.63113657718156
1035,6.117524461461755,2.8060680889009366,26.42480545490641,14.676397234905151,1.9841951898624486,26.850032063517492,13.014147124276738,2.2598323630678423,26.025408988864942,12.008860328864001,3.094576434596559,26.060000899709305,12.874984504093076,3.794220181653144,27.009877977471966,12.097117983735505,4.165888182659661,26.647218958039797
1036,5.713341841243936,2.813732481921757,26.430414651616857,14.341446129952294,1.9125787064000817,26.96821905899854,12.703047476738453,2.2740971792403557,26.108098480600006,11.74606686034887,3.1977108745641423,26.125683405587594,12.847970762506066,3.716997658222555,26.958180602847197,12.107881533720077,4.155547535976557,26.66801551319352
1037,5.338058265009542,2.7740662326890697,26.455366315362546,13.985099420810016,1.8501844123032176,27.133080166730092,12.422899016247094,2.272410829604285,26.14002420096216,11.501581609894238,3.309177782296425,26.200464360073777,12.795818588645076,3.6033876208675637,26.92035219502617,12.112834104121195,4.119183300370225,26.670852571480033
1038,4.958996806381074,2.7132533880892,26.50442250054088,13.600180636239338,1.8056192201144046,27.232612404737537,12.128643484915335,2.252107580479201,26.209858445270033,11.323617897115527,3.347968188189014,26.158859143735622,12.681832570776436,3.466465982752575,26.90729293412133,12.086908918344902,4.07688063857898,26.689366799649218
1039,4.592207998233588,2.6260809643739287,26.50821423058253,13.204362598366876,1.8160235275649481,27.433931100815546,11.82391151909415,2.2209682539141333,26.24210524307115,11.103710407723986,3.3583604872805988,26.094308180901713,12.575758626826595,3.3085294297948056,26.913552167014053,12.070354701621369,4.038564136072942,26.751567179102068
1040,4.221086398364295,2.5553310353573,26.50282608112677,12.785150096295629,1.832441484584837,27.515875040545847,11.487423813947872,2.2068268508686053,26.299472584601382,10.825500802438143,3.317667213813342,26.006286986956805,12.46466243618362,3.142894653206791,26.847874842362074,12.040518233728553,3.988965778524446,26.716854862373744
1041,3.843871734235914,2.496741315842314,26.531634520504422,12.372759164340108,1.8602219332106917,27.580853054424328,11.134270228360386,2.164803883381542,26.320356572053438,10.514612195291592,3.241935937923562,25.971135157536096,12.260752784733214,3.024699402702255,26.798120598082896,11.99215295862503,3.947454044611916,26.726497180111416
1042,3.4724765537565676,2.50965774516588,26.548434050243408,11.996644371244155,1.8790008239290288,27.723293331878764,10.75964144422427,2.13266320421748,26.36819196347303,10.17675768447131,3.1531404798550535,25.959276733640564,12.04696573745733,2.9512707145487926,26.787432988065962,11.961076533121753,3.915442266982962,26.729113865535723
1043,3.0791939277302585,2.5542906221201633,26.56469896434429,11.605437837551754,1.888770729125325,27.84990619027975,10.347796983055499,2.0588558266998267,26.39405167655901,9.812986003376901,3.0557485549838446,25.941593079608385,11.843911466276738,2.8839890593178388,26.731036131831715,11.912656769138712,3.843089902861049,26.6864739965291
1044,2.6650847984708874,2.664074649663608,26.626630601304637,11.191063942413539,1.8664738189060812,27.81752397421903,9.94708424666882,1.9918891848232998,26.44952957533966,9.460452276437064,2.9736626758490665,25.9901970203661,11.599987689267458,2.82084799848938,26.661462117649734,11.82377100787442,3.7660080442447432,26.59567873593332
1045,2.2585626187262977,2.760189874785219,26.631488545619966,10.821103629425384,1.8732252898466677,27.818153401751054,9.528744466864985,1.9474927184759903,26.48084340036853,9.087392722426873,2.9368485660891164,26.00512763311162,11.303220983812185,2.775964780418532,26.404464847898677,11.692106907253262,3.671190107972729,26.442907726665396
1046,1.8620680581201496,2.8063002328130735,26.58606033058262,10.489593667421383,1.841855718360498,27.690093542534807,9.126459282960067,1.91421345921082,26.4468047769743,8.613449379323109,2.929967134262632,25.915392764886825,10.825395220948618,2.634211323884667,26.06292429425513,11.360156181102568,3.444204455191643,26.0919698041149
1047,1.4696618615050552,2.771734275410481,26.561889842084714,10.209583379962885,1.8104343195256318,27.529673338201707,8.698845696543785,1.910694821703493,26.394219687356717,8.093170041575695,2.91592863485706,25.76294528811399,10.128910829704907,2.3624009891703373,25.97275147265765,10.635421775576269,3.158586998685286,25.668218395079347
1048,1.1011104650566714,2.7411000498048637,26.48858648211864,9.84942902870946,1.821648916546642,27.499620483185485,8.243774884402036,1.8930997719519633,26.371712908347785,7.5607681237526405,2.8791148383605716,25.747906098064014,9.309723094291979,2.1419075604611004,25.98018295436096,9.586869013771015,2.944296232776051,25.344585946409023
1049,0.7448605400239879,2.6935137849001527,26.45820044980291,9.419532091676308,1.8295300503301277,27.512017901293785,7.786045413003047,1.8363140466964754,26.349396989082173,7.038703537681099,2.778878132737411,25.76647579920554,8.680592700575632,2.1710631344066855,25.98776351321701,8.499928684561073,2.9427028852210926,25.22305760465045
1050,0.38324298133047335,2.675346843784088,26.429226297133496,9.02231666439829,1.8781629514533413,27.387946617502035,7.360839003413985,1.8811036415651312,26.327892253963636,6.554904632203775,2.7158241513774666,25.731975599341066,8.201221306969812,2.633720503901684,25.80856107800749,7.54392011125267,3.128500005330362,25.402320340000927
1051,0.03876100194997131,2.666243202849008,26.37860860987069,8.647479801206595,1.9170582983974447,27.273022221728148,6.975600581665733,1.971633614384103,26.25865587701024,6.0815110539815125,2.7016266082409253,25.736291809520544,7.382863924484446,3.2246102949723587,25.687460961775898,6.624915244472382,3.400781911456594,25.41370088510407
1052,-0.3183203337471703,2.675182201070797,26.329765608386516,8.25822183125938,1.9684691001511392,27.263321814188686,6.56725212902509,2.015884648919984,26.196561942461415,5.567146896536013,2.6895396315873668,25.731019669585024,6.320301380548649,3.603475655806224,25.832451050317246,5.496990840192815,3.6009600906259926,25.487002710821567
1053,-0.6637987358101974,2.763558524947208,26.28630470384226,7.813457434016129,2.0080862073497046,27.208965140797947,6.14136512991331,2.051083932104138,26.12161887484293,5.067564581582744,2.717852940658066,25.797636571805132,5.422228376735515,3.771278793690566,26.209501836803078,4.574651991137049,3.8945618592137787,25.868891815801117
1054,-1.00498695233982,2.8777071068022972,26.25412328084527,7.409754287029558,2.021830527520997,27.127221872084874,5.719069810920767,2.0779954852074094,26.08641197532145,4.611418957961277,2.7700209251716807,25.976659153766516,4.922545489881461,3.824202775899532,26.78760240295509,4.039680535869566,4.110255583892708,26.58595707819613
1055,-1.3976936904252664,2.9875559373294176,26.25041918616043,7.02801534176646,1.9844309038757968,27.14182564310047,5.343716703082096,2.1299190944189244,26.106495400975653,4.251843444139366,2.8749097951460727,26.10955862632459,4.764599800453933,3.8319144388929955,27.106101670954367,3.8967692904443822,4.167639824967067,26.85318116706615
1056,-1.8091666930906827,3.0465207171382804,26.243052701075992,6.656202600793236,1.924696087499987,27.19260565496183,5.035871711952407,2.17431514799028,26.135635476337562,3.9907315406876385,3.0097733577836863,26.175373722482995,4.721713154228646,3.809517950513265,27.12063850160104,3.898023237170586,4.154711101156837,26.85027598366179
1057,-2.1972766332196536,3.0563921724272185,26.247745443261223,6.32406689637987,1.8791450690350793,27.199317922835643,4.718318634868088,2.222255291226211,26.17871907790976,3.7682666192215337,3.124611439568814,26.199352125890396,4.69523771759332,3.7591225826906176,27.091622991980117,3.90246480522731,4.145018398726243,26.836627749831834
1058,-2.550134495039765,3.0108494610004786,26.216489234345833,6.000329558805904,1.8619687523715027,27.26363375184285,4.44959658966474,2.285271813433036,26.237924172394216,3.516021502576578,3.236707797492197,26.232088506644274,4.6475478500631215,3.673486413285716,27.049771777038316,3.9065142372023423,4.130588519724392,26.814275983689196
1059,-2.89631516884155,2.948207404828566,26.20538716750321,5.647040775232386,1.83964472658486,27.38993067023145,4.197710302422473,2.30388909112411,26.300380660183635,3.3242742506719054,3.3106683585142,26.230162047585207,4.59026157397592,3.5578470866572216,27.063367355136183,3.887060950566437,4.120693954679143,26.825909958511986
1060,-3.2290469305178306,2.8929971311672764,26.172901098932634,5.312389720923094,1.8194159754484527,27.489396377482105,3.9359915303562363,2.2800953932250074,26.34101471255319,3.1485033364320456,3.3554826549227394,26.225348606792036,4.506141205480776,3.405513264449857,26.995631861812292,3.8804933106742263,4.075576039253276,26.848051124167455
1061,-3.572216542559837,2.834710788084802,26.17857595209091,4.948480107336282,1.7632987353391878,27.596468568308108,3.6687877780230895,2.2358323171430006,26.348265150938857,2.9718057555113404,3.3428957275987656,26.1347152091321,4.411582022680206,3.2394849631932954,26.954713808631634,3.8519895619981486,4.027826039839911,26.860028082204956
1062,-3.9094768767035184,2.818481081787181,26.14229109500661,4.549757795332336,1.7204059961044937,27.64359207376026,3.3678770698485567,2.1898291514886314,26.343812940789306,2.75576962052051,3.30983530400303,26.056480957965842,4.279076276192332,3.118455740335476,26.88437019241742,3.8436774334657704,3.9671241000910653,26.858447107542087
1063,-4.261715351717433,2.829996835433047,26.170594151715445,4.143230595171669,1.6841712189496514,27.713302077581,3.0265256944605907,2.1400772057116906,26.29627199433225,2.4567461476333317,3.262618902512006,25.98674207532548,4.1084873002677105,2.986805744471329,26.85886599100713,3.803917665308774,3.911137996002029,26.80484663674218
1064,-4.601929776217604,2.8937356195935235,26.18509699975685,3.756910616319052,1.6602239972698152,27.848273816640507,2.651808096735543,2.092435982912162,26.298471734715093,2.139735765949259,3.200330051532869,25.91428804445987,3.930532536418134,2.9179227034831112,26.857859947611274,3.7657236628293633,3.890185694520089,26.820046009357277
1065,-4.952726134879815,2.978143167558673,26.20670303074228,3.4070089668515138,1.6607310963047766,27.889667745169426,2.3242384665350855,2.043445445474462,26.328570602376367,1.8209123034538466,3.141088148456635,25.94210153651929,3.7791045034463635,2.9005855451637097,26.779832196457704,3.7539325970689337,3.864536448632754,26.783340366665982
1066,-5.314270064801086,3.0676392935300623,26.180352193659086,3.007935389874064,1.6831520557271158,27.97411324909557,1.9607909951786275,2.0273649651443058,26.34190954970532,1.499289291037949,3.1094560659058303,25.99433364473248,3.621921231785888,2.877444293064537,26.729273794035873,3.744070717475332,3.8443869126435226,26.747661801399808
1067,-5.6997376373036595,3.0948178711951324,26.163194381609152,2.66233982653324,1.7122749642602029,28.00791538059113,1.5938069430548336,2.0041809235872967,26.355556653391222,1.1625856940139392,3.1063358293517904,26.007155289134218,3.4033736744920664,2.806981336412574,26.494838771722698,3.678449891324651,3.7173493791538066,26.627959907501424
1068,-6.062874266223797,3.0633577509808316,26.146114577915053,2.380961796179983,1.7478321325130681,27.88140110667307,1.2247561298900334,2.0009947614173074,26.379093204850147,0.7634715776104013,3.0626553700367953,25.868262253380834,2.9439096200354933,2.611506274711337,26.20976869548374,3.393814313633632,3.449557360655158,26.344620496283444
1069,-6.406208205683895,3.038541058896273,26.113670563927315,2.0980192973205902,1.7615070620018656,27.81470694657054,0.8234607002635744,1.9813320593102857,26.333508074590046,0.29195329830914035,2.990496365106941,25.6919640639252,2.2292148500514517,2.3522403283364657,26.09195973536295,2.7987972814007653,3.1460562406516313,25.917776140910945
1070,,,,1.7724444552273118,1.7989753087329836,27.72699165621407,0.40369823697865054,1.9219496563618341,26.22002017064143,-0.21385080360914985,2.8849633602564904,25.619327672630785,1.479479576482489,2.207683119002807,26.103243824084224,1.7542046345496147,3.0510092768447588,25.486830550506017
1071,,,,1.4808464349782795,1.8355823000608251,27.56301367436017,-0.04648178738192591,1.8720643840502675,26.25948613441702,-0.6793904468182216,2.754057516591741,25.505103837794444,0.9411358297530512,2.4349065550056013,25.891933029513233,0.555822092833944,3.13845686576189,25.22155365526685
1072,,,,1.173887165875938,1.9032037113458433,27.36055099969959,-0.4178083668222862,1.9276403484545857,26.13983331961832,-1.179477952334268,2.681970637000282,25.414583968667305,0.25365735042912024,3.0908006157298975,25.47561045439191,-0.5012992065106789,3.3377352730091525,25.153281143909744
1073,,,,0.7722733944499779,1.954794365604722,27.31214231134957,-0.8219856953352322,1.979228285809156,26.000355684633124,-1.7487153562166555,2.6661401295872524,25.452077995919577,-0.8435054778113823,3.5631365982529175,25.503395303298724,-1.6651268803224248,3.6499852354746816,25.16687296443267
1074,,,,0.40561055071874064,1.9774856042507762,27.119318535437323,-1.2341198716816923,1.9917665233963309,25.913990857153557,-2.310745817217325,2.6798631197460714,25.567634107291568,-1.9468714686262203,3.814247279050233,25.831633360236335,-2.7988153001272806,3.9065567810147503,25.512670497268207
1075,,,,0.006083187627101388,1.9669540751043846,26.944488977085747,-1.6696559435795755,2.0611020241698568,25.870456368610213,-2.851084522298849,2.7600888374715518,25.748754343266537,-2.6175032103373947,3.9150772720380838,26.395585995915344,-3.563452623398628,4.168645778669435,26.223862441904114
1076,,,,-0.40617884330183546,1.9401116284334068,26.801755468432845,-2.052257016704942,2.133585016651998,25.90033097664906,-3.253116859710766,2.8843655001998383,25.927789644508145,-2.869156249594307,3.969299527820113,26.803103823803397,-3.739078604946173,4.27234754589626,26.555064254332713
1077,,,,-0.7360055049432885,1.9181106447709884,26.806260880485254,-2.4359951431514837,2.2128467641651866,26.006345147390544,-3.5172988038952835,3.041840780947591,25.967257800523832,-2.8979612738585128,3.946651473980894,26.787417595751165,-3.730356351926632,4.248509905592532,26.546016912105017
1078,,,,-1.138372545005487,1.8937057676507347,26.95610389340038,-2.738678819353072,2.255454621192572,26.01287593455463,-3.7989744030173767,3.1397321303697843,26.006119983969725,-2.9251203939447166,3.876035105567707,26.779229740802567,-3.744453382644888,4.229237136273647,26.525106604047682
1079,,,,-1.420907748805201,1.8860804492899337,27.031760490817266,-3.025492943147718,2.3157040417640435,26.027774167047188,-4.0236211435124325,3.236934956093462,25.986659197963057,-2.9388523254253096,3.8094994933630284,26.732574652731937,-3.7602084011405204,4.221894772107868,26.542253001781397
1080,,,,-1.5750493634265592,1.9305559273592776,26.889037804856258,-3.3209830599182517,2.3653694802651097,26.133020409779565,-4.223581413355599,3.3362408002352093,25.94351446228459,-2.9908082436236887,3.726646412935012,26.711441969330348,-3.7720195176406297,4.218510820840143,26.55310459226326
1081,,,,-1.8615883381097675,1.9620230042640794,26.94138637236231,-3.5755142114602236,2.386315965497517,26.176623666243877,-4.422709588409491,3.4174134937930987,25.944535996395675,-3.0452498422417444,3.605387109414741,26.69225665428875,-3.7945232461153258,4.195898492964829,26.606194001558887
1082,,,,-2.5345389502554356,2.0096039869442954,27.391997232257122,-3.8423374296822437,2.3577551608150706,26.15785706752924,-4.602372023785555,3.429417876457094,25.92439846018779,-3.112993520059154,3.46168680223999,26.664380633996213,-3.78300434184341,4.147118545083312,26.560877045049665
1083,,,,-2.8768671298748143,2.0124325145305253,27.45692614370899,-4.166472283296096,2.333199687004629,26.265934333471133,-4.821079589771619,3.399267061639106,25.827966681626805,-3.2138298403776946,3.3002390135409643,26.65134841226827,-3.7970058343448367,4.091628667996356,26.54422507964333
1084,,,,-3.1469033360538585,2.0189468070654355,27.474334007377102,-4.432062235574732,2.321479334481792,26.299224302380964,-5.0860822888651835,3.337689717176699,25.786465336275885,-3.3697169910083717,3.1414674367469195,26.608934351603757,-3.8560667065381167,4.039866310928253,26.603222241380188
1085,,,,-3.5658892076073267,2.0541444130427338,27.633287598732867,-4.759950331993917,2.3188003997823663,26.293279009322895,-5.341216768513087,3.3083122253263957,25.751321029622837,-3.5675756116595108,3.0748252398626117,26.57427547571557,-3.883850498252799,4.019015544420243,26.56871329723447
1086,,,,-3.9455158410983286,2.070065744378127,27.6784592342944,-5.106999752627626,2.2997124819585815,26.284517892508905,-5.646707906009746,3.305577276021966,25.754718627544367,-3.7219924459669707,3.035847939140545,26.53528191031372,-3.9118460020812087,4.005341431263938,26.53492461114956
1087,,,,-4.268453438026568,2.0665160501181585,27.668530896657746,-5.465797543022012,2.294783726371509,26.273533340871303,-5.97410013133687,3.3152052067281774,25.819321762545144,-3.8445360573693326,3.0104414601113034,26.439234557961566,-3.933972019946756,3.9824135353042744,26.50116285373188
1088,,,,-4.62503222546601,2.060338389705272,27.643036528944577,-5.802299413257388,2.2940040280191054,26.231116184618706,-6.307551236870583,3.319289327735487,25.840915949634628,-4.051418167250649,2.9503818843886234,26.297155130493568,-3.9683021807247645,3.915163844124769,26.450454595946702
1089,,,,-4.944487207954982,2.0519756061052417,27.538101200489486,-6.204192450821772,2.277971773044768,26.248070061589946,-4.053374802642858,2.8604071766582893,23.515147294919966,-4.345228163896638,2.8217300581649294,26.032105371747207,-4.070155413585993,3.7540054996357566,26.24119063441704
1090,,,,-5.256693056373803,2.032989652559126,27.540236851278667,,,,-4.611423579926835,2.834976545512557,23.550392244188323,-4.867686320931562,2.6488792083934123,25.78698079663183,-4.333555996127403,3.459427893543356,25.780647231506084
1091,,,,-5.464528021222653,2.0076393071640677,27.37584124729802,,,,-4.88935843244512,2.962877545223407,23.328262776325822,,,,-5.123348641601586,3.279425760405992,25.329901155840208
1092,,,,-5.789491235790649,2.060458730477421,27.284541286295337,,,,,,,,,,,,
1093,,,,,,,,,,,,,,,,,,
1094,,,,,,,,,,,,,,,,,,
1095,,,,,,,,,,,,,,,,,,
1096,,,,,,,,,,,,,,,,,,
1097,,,,,,,,,,,,,,,,,,
1098,,,,,,,,,,,,,,,,,,
1099,,,,,,,,,,,,,,,,,,
1100,,,,,,,,,,,,,,,,,,
1101,,,,,,,,,,,,,,,,,,
1102,,,,,,,,,,,,,,,,,,
1103,,,,,,,,,,,,,,,,,,
1104,,,,,,,,,,,,,,,,,,
1105,,,,,,,,,,,,,,,,,,
1106,,,,,,,,,,,,,,,,,,
1107,,,,,,,,,,,,,,,,,,
1108,,,,,,,,,,,,,,,,,,
1109,,,,,,,,,,,,,,,,,,
1110,,,,,,,,,,,,,,,,,,
1111,,,,,,,,,,,,,,,,,,
1112,,,,,,,,,,,,,,,,,,
1113,,,,,,,,,,,,,,,,,,
1114,,,,,,,,,,,,,,,,,,
1115,,,,,,,,,,,,,,,,,,
1116,,,,,,,,,,,,,,,,,,
1117,,,,,,,,,,,,,,,,,,
1118,,,,,,,,,,,,,,,,,,
1119,,,,,,,,,,,,,,,,,,
1120,,,,,,,,,,,,,,,,,,
1121,,,,,,,,,,,,,,,,,,
1122,,,,,,,,,,,,,,,,,,
1123,,,,,,,,,,,,,,,,,,
1124,,,,,,,,,,,,,,,,,,
1125,,,,,,,,,,,,,,,,,,
1126,,,,,,,,,,,,,,,,,,
1127,,,,,,,,,,,,,,,,,,
1128,,,,,,,,,,,,,,,,,,
1129,,,,,,,,,,,,,,,,,,
1130,,,,,,,,,,,,,,,,,,
1131,,,,,,,,,,,,,,,,,,
1132,,,,,,,,,,,,,,,,,,
1133,,,,,,,,,,,,,,,,,,
1134,,,,,,,,,,,,,,,,,,
1135,,,,,,,,,,,,,,,,,,
1136,,,,,,,,,,,,,,,,,,
1137,,,,,,,,,,,,,,,,,,
1138,,,,,,,,,,,,,,,,,,
1139,,,,,,,,,,,,,,,,,,
1140,,,,,,,,,,,,,,,,,,
1141,,,,,,,,,,,,,,,,,,
1142,,,,,,,,,,,,,,,,,,
1143,,,,,,,,,,,,,,,,,,
1144,,,,,,,,,,,,,,,,,,
1145,,,,,,,,,,,,,,,,,,
1146,,,,,,,,,,,,,,,,,,
